year,financial_year,commodity,destination_country,export_quantity,export_value,export_value_inr,is_imputed,unit_value,yoy_growth,commodity_group
2015,2015-16,Marine Products,China,125596.85,42.73,352.52,False,340.2155388451223,,Animal & Marine
2016,2016-17,Marine Products,China,1866781.75,802.21,6618.23,False,429.72886359104376,1777.3929323660195,Animal & Marine
2017,2017-18,Marine Products,China,4178788.73,1388.02,11451.16,False,332.1584530070272,73.02451976415152,Animal & Marine
2018,2018-19,Marine Products,China,3215491.96,1516.67,12512.53,False,471.67588004169664,9.268598435181064,Animal & Marine
2019,2019-20,Marine Products,China,4058742.11,1716.26,14159.14,False,422.8551490796739,13.159751297249889,Animal & Marine
2020,2020-21,Marine Products,China,1622954.28,529.37,4367.3,False,326.1767792990447,-69.15560579399391,Animal & Marine
2021,2021-22,Marine Products,China,9223547.33,2907.76,23989.02,False,315.25397940360546,449.286888187846,Animal & Marine
2022,2022-23,Marine Products,China,2005143.8,656.24,5413.98,False,327.27827300964645,-77.43142487688117,Animal & Marine
2023,2023-24,Marine Products,China,4500552.86,1948.31,16073.56,False,432.9045920816048,196.88985736925514,Animal & Marine
2024,2024-25,Marine Products,China,6480526.7,3148.44,25974.63,False,485.8308816164587,61.598513583567296,Animal & Marine
2025,2025-26,Marine Products,China,6419378.83,2522.39,20809.72,False,392.93365710276987,-19.8844507120987,Animal & Marine
2015,2015-16,Marine Products,European Union,5338295.37,1935.13,15964.82,False,362.49961193136454,,Animal & Marine
2016,2016-17,Marine Products,European Union,1341896.37,457.24,3772.23,False,340.7416624876927,-76.37161327662741,Animal & Marine
2017,2017-18,Marine Products,European Union,4025672.99,1370.18,11303.98,False,340.3604821861102,199.66319657072873,Animal & Marine
2018,2018-19,Marine Products,European Union,623299.65,227.45,1876.46,False,364.9127670776006,-83.3999912420266,Animal & Marine
2019,2019-20,Marine Products,European Union,1692737.82,851.64,7026.03,False,503.1139435402938,274.4295449549352,Animal & Marine
2020,2020-21,Marine Products,European Union,121011.8,52.9,436.42,False,437.1474517361117,-93.78845521581889,Animal & Marine
2021,2021-22,Marine Products,European Union,385649.16,154.9,1277.92,False,401.6604107214962,192.81663516068056,Animal & Marine
2022,2022-23,Marine Products,European Union,1943984.38,789.1,6510.08,False,405.91889941008685,409.42543576500964,Animal & Marine
2023,2023-24,Marine Products,European Union,2911360.75,1162.32,9589.14,False,399.23599299743256,47.296920542390055,Animal & Marine
2024,2024-25,Marine Products,European Union,8083007.58,3861.76,31859.52,False,477.76275869829135,232.24585312134357,Animal & Marine
2025,2025-26,Marine Products,European Union,133577.8,68.5,565.12,False,512.8097632989914,-98.2261973815048,Animal & Marine
2015,2015-16,Marine Products,Japan,4586392.83,2261.91,18660.76,False,493.1784266721872,,Animal & Marine
2016,2016-17,Marine Products,Japan,7249593.83,2278.18,18794.98,False,314.2493294689863,0.7193035974021988,Animal & Marine
2017,2017-18,Marine Products,Japan,1521540.04,475.54,3923.21,False,312.5386039791631,-79.12632013273753,Animal & Marine
2018,2018-19,Marine Products,Japan,1277596.37,479.33,3954.47,False,375.1810910358175,0.7969886865458076,Animal & Marine
2019,2019-20,Marine Products,Japan,4080377.34,2217.24,18292.23,False,543.3909208014571,362.5706715623892,Animal & Marine
2020,2020-21,Marine Products,Japan,3927227.19,1558.68,12859.11,False,396.89071311405337,-29.701791416355462,Animal & Marine
2021,2021-22,Marine Products,Japan,5747979.7,2543.07,20980.33,False,442.4284936148957,63.15536222957887,Animal & Marine
2022,2022-23,Marine Products,Japan,1957495.0,715.83,5905.6,False,365.68675782058193,-71.85173825337093,Animal & Marine
2023,2023-24,Marine Products,Japan,1533195.87,554.19,4572.07,False,361.4606658182558,-22.58078035287707,Animal & Marine
2024,2024-25,Marine Products,Japan,222452.33,95.94,791.5,False,431.283412495612,-82.68824771287827,Animal & Marine
2025,2025-26,Marine Products,Japan,1293841.44,533.24,4399.23,False,412.1370544446312,455.80571190327294,Animal & Marine
2015,2015-16,Marine Products,Thailand,1197001.97,405.55,3345.79,False,338.80478910155847,,Animal & Marine
2016,2016-17,Marine Products,Thailand,102797.44,39.06,322.24,False,379.97055179584237,-90.36863518678338,Animal & Marine
2017,2017-18,Marine Products,Thailand,619037.47,240.16,1981.32,False,387.9571296386954,514.8489503328212,Animal & Marine
2018,2018-19,Marine Products,Thailand,4829984.28,2465.56,20340.87,False,510.46957030675884,926.6322451698867,Animal & Marine
2019,2019-20,Marine Products,Thailand,2547393.23,954.64,7875.78,False,374.75172217522146,-61.28100715456124,Animal & Marine
2020,2020-21,Marine Products,Thailand,4234695.25,1798.05,14833.91,False,424.599621424942,88.34848738791585,Animal & Marine
2021,2021-22,Marine Products,Thailand,621400.34,290.89,2399.84,False,468.12011721783097,-83.82191818914936,Animal & Marine
2022,2022-23,Marine Products,Thailand,1989457.48,961.46,7932.04,False,483.2774812558447,230.5235656089931,Animal & Marine
2023,2023-24,Marine Products,Thailand,10757187.44,3685.01,30401.33,False,342.562590877379,283.27231502090575,Animal & Marine
2024,2024-25,Marine Products,Thailand,6658800.49,2498.09,20609.24,False,375.1561566909177,-32.20941055790894,Animal & Marine
2025,2025-26,Marine Products,Thailand,8845442.25,4134.43,34109.05,False,467.4079467309846,65.50364478461546,Animal & Marine
2015,2015-16,Marine Products,USA,1033276.47,462.66,3816.95,False,447.76012367725747,,Animal & Marine
2016,2016-17,Marine Products,USA,2005726.14,1091.9,9008.18,False,544.3913694020063,136.00484156832232,Animal & Marine
2017,2017-18,Marine Products,USA,4950198.85,2634.59,21735.37,False,532.219023888303,141.28491620111728,Animal & Marine
2018,2018-19,Marine Products,USA,6140167.11,2318.23,19125.4,False,377.551613574895,-12.007940514463355,Animal & Marine
2019,2019-20,Marine Products,USA,2579242.14,851.99,7028.92,False,330.3257134283639,-63.24825405589609,Animal & Marine
2020,2020-21,Marine Products,USA,2086034.27,864.69,7133.69,False,414.5138037449404,1.490627824270252,Animal & Marine
2021,2021-22,Marine Products,USA,4717149.74,1931.05,15931.16,False,409.36796719113687,123.32280933051148,Animal & Marine
2022,2022-23,Marine Products,USA,1509269.4,660.82,5451.76,False,437.84098451873473,-65.77923927397012,Animal & Marine
2023,2023-24,Marine Products,USA,2306234.73,1104.06,9108.49,False,478.7283729787557,67.07424109439786,Animal & Marine
2024,2024-25,Marine Products,USA,369756.13,129.85,1071.26,False,351.17740982414546,-88.23886382986433,Animal & Marine
2025,2025-26,Marine Products,USA,2863554.17,1137.98,9388.34,False,397.40124769492314,776.38043896804,Animal & Marine
2015,2015-16,Marine Products,Vietnam,1945064.52,632.48,5217.96,False,325.1717326065873,,Animal & Marine
2016,2016-17,Marine Products,Vietnam,3411799.6,1696.92,13999.59,False,497.3680165740098,168.2962307108525,Animal & Marine
2017,2017-18,Marine Products,Vietnam,1287446.88,402.92,3324.09,False,312.96048501822463,-76.25580463427858,Animal & Marine
2018,2018-19,Marine Products,Vietnam,254768.06,110.7,913.28,False,434.5128663302613,-72.52556338727291,Animal & Marine
2019,2019-20,Marine Products,Vietnam,2660103.04,931.02,7680.91,False,349.9939611361821,741.0298102981029,Animal & Marine
2020,2020-21,Marine Products,Vietnam,9324506.97,3218.55,26553.04,False,345.17106484612344,245.70148868982412,Animal & Marine
2021,2021-22,Marine Products,Vietnam,1772483.23,659.71,5442.61,False,372.19534088342266,-79.50288173245717,Animal & Marine
2022,2022-23,Marine Products,Vietnam,10011830.66,4904.76,40464.27,False,489.8964202017376,643.4721316942292,Animal & Marine
2023,2023-24,Marine Products,Vietnam,1422850.48,767.02,6327.92,False,539.0728054573942,-84.36172208222217,Animal & Marine
2024,2024-25,Marine Products,Vietnam,1223081.71,493.51,4071.46,False,403.4971629164498,-35.65878334332873,Animal & Marine
2025,2025-26,Marine Products,Vietnam,5829825.52,2290.1,18893.32,False,392.8247924648009,364.0432817977346,Animal & Marine
2015,2015-16,Rice (Basmati & Non-Basmati),Benin,117069.88,55.82,460.52,False,476.8092356462653,,Cereals
2016,2016-17,Rice (Basmati & Non-Basmati),Benin,848369.58,322.65,2661.86,False,380.3177384083008,478.0186313149408,Cereals
2017,2017-18,Rice (Basmati & Non-Basmati),Benin,1034080.84,336.5,2776.12,False,325.4097619679328,4.292577095924388,Cereals
2018,2018-19,Rice (Basmati & Non-Basmati),Benin,2403158.75,1289.72,10640.19,False,536.6769881515318,283.27488855869245,Cereals
2019,2019-20,Rice (Basmati & Non-Basmati),Benin,731381.44,248.63,2051.2,False,339.9457333781946,-80.72217225444282,Cereals
2020,2020-21,Rice (Basmati & Non-Basmati),Benin,5176251.16,1701.54,14037.7,False,328.7205252227367,584.3663274745606,Cereals
2021,2021-22,Rice (Basmati & Non-Basmati),Benin,2581380.38,1027.62,8477.86,False,398.0893354430779,-39.60647413519518,Cereals
2022,2022-23,Rice (Basmati & Non-Basmati),Benin,1012308.94,331.95,2738.59,False,327.9137295774549,-67.69720324633619,Cereals
2023,2023-24,Rice (Basmati & Non-Basmati),Benin,6024961.31,2651.06,21871.24,False,440.012784082094,698.6323241452026,Cereals
2024,2024-25,Rice (Basmati & Non-Basmati),Benin,611418.14,326.6,2694.45,False,534.1679918099911,-87.68039953829789,Cereals
2025,2025-26,Rice (Basmati & Non-Basmati),Benin,4401573.45,1726.05,14239.91,False,392.14385937374277,428.49050826699323,Cereals
2015,2015-16,Rice (Basmati & Non-Basmati),China,3854899.82,1876.27,15479.23,False,486.72341373582054,,Cereals
2016,2016-17,Rice (Basmati & Non-Basmati),China,1383908.64,742.03,6121.75,False,536.1842382890246,-60.45185394426176,Cereals
2017,2017-18,Rice (Basmati & Non-Basmati),China,205850.2,95.2,785.4,False,462.4722249480447,-87.17033004056441,Cereals
2018,2018-19,Rice (Basmati & Non-Basmati),China,5468143.2,2424.4,20001.3,False,443.3680522485219,2446.638655462185,Cereals
2019,2019-20,Rice (Basmati & Non-Basmati),China,7399107.89,2652.39,21882.22,False,358.47429709529484,9.4039762415443,Cereals
2020,2020-21,Rice (Basmati & Non-Basmati),China,1723533.57,700.31,5777.56,False,406.3222278867478,-73.59702004607166,Cereals
2021,2021-22,Rice (Basmati & Non-Basmati),China,2379586.8,774.96,6393.42,False,325.66998606648855,10.659565049763685,Cereals
2022,2022-23,Rice (Basmati & Non-Basmati),China,12808177.36,5012.83,41355.85,False,391.3773099094562,546.8501600082584,Cereals
2023,2023-24,Rice (Basmati & Non-Basmati),China,9570170.51,3067.29,25305.14,False,320.5052613007206,-38.811210434026286,Cereals
2024,2024-25,Rice (Basmati & Non-Basmati),China,1695776.44,774.29,6387.89,False,456.5991021788226,-74.75654405028543,Cereals
2025,2025-26,Rice (Basmati & Non-Basmati),China,4275445.5,2219.39,18309.97,False,519.1014597192269,186.63549832750004,Cereals
2015,2015-16,Rice (Basmati & Non-Basmati),Iran,3428806.98,1228.39,10134.22,False,358.25580359732004,,Cereals
2016,2016-17,Rice (Basmati & Non-Basmati),Iran,3895915.06,1597.67,13180.78,False,410.0885094758714,30.06211382378561,Cereals
2017,2017-18,Rice (Basmati & Non-Basmati),Iran,150530.1,62.3,513.98,False,413.87071422924714,-96.10057145718453,Cereals
2018,2018-19,Rice (Basmati & Non-Basmati),Iran,1673161.81,634.48,5234.46,False,379.2101852958262,918.4269662921348,Cereals
2019,2019-20,Rice (Basmati & Non-Basmati),Iran,9189249.41,2888.21,23827.73,False,314.30314611517326,355.2089900390871,Cereals
2020,2020-21,Rice (Basmati & Non-Basmati),Iran,299719.11,134.08,1106.16,False,447.3521891880702,-95.35767828516624,Cereals
2021,2021-22,Rice (Basmati & Non-Basmati),Iran,3877161.6,1987.22,16394.56,False,512.5450535773386,1382.1151551312648,Cereals
2022,2022-23,Rice (Basmati & Non-Basmati),Iran,7146446.31,2659.87,21943.93,False,372.19477830233643,33.84879379233301,Cereals
2023,2023-24,Rice (Basmati & Non-Basmati),Iran,1497735.18,595.51,4912.96,False,397.6070055321796,-77.61131183102934,Cereals
2024,2024-25,Rice (Basmati & Non-Basmati),Iran,3005815.69,1367.04,11278.08,False,454.7983446050879,129.55785797047906,Cereals
2025,2025-26,Rice (Basmati & Non-Basmati),Iran,683109.16,242.28,1998.81,False,354.67245088618046,-82.27703651685393,Cereals
2015,2015-16,Rice (Basmati & Non-Basmati),Iraq,1557567.96,851.68,7026.36,False,546.8011809898812,,Cereals
2016,2016-17,Rice (Basmati & Non-Basmati),Iraq,3521308.64,1214.56,10020.12,False,344.91722372850563,42.607552132256245,Cereals
2017,2017-18,Rice (Basmati & Non-Basmati),Iraq,5428499.25,2754.39,22723.72,False,507.39437792130116,126.78089184560663,Cereals
2018,2018-19,Rice (Basmati & Non-Basmati),Iraq,2113492.27,683.84,5641.68,False,323.55926241452494,-75.17272426925744,Cereals
2019,2019-20,Rice (Basmati & Non-Basmati),Iraq,2080761.24,722.2,5958.15,False,347.08451220477366,5.609499298081433,Cereals
2020,2020-21,Rice (Basmati & Non-Basmati),Iraq,1744756.76,773.64,6382.53,False,443.40851271440266,7.122680697867612,Cereals
2021,2021-22,Rice (Basmati & Non-Basmati),Iraq,2110661.82,1144.61,9443.03,False,542.2990974461271,47.9512434724161,Cereals
2022,2022-23,Rice (Basmati & Non-Basmati),Iraq,1481452.79,490.54,4046.96,False,331.1209127359367,-57.14348118573138,Cereals
2023,2023-24,Rice (Basmati & Non-Basmati),Iraq,432549.54,181.41,1496.63,False,419.3970475613036,-63.018306356260446,Cereals
2024,2024-25,Rice (Basmati & Non-Basmati),Iraq,942318.99,508.91,4198.51,False,540.0612800979422,180.53029050217742,Cereals
2025,2025-26,Rice (Basmati & Non-Basmati),Iraq,2408765.43,1040.55,8584.54,False,431.9847781940311,104.46640859876992,Cereals
2015,2015-16,Rice (Basmati & Non-Basmati),Saudi Arabia,7417873.15,2808.14,23167.16,False,378.56403624265266,,Cereals
2016,2016-17,Rice (Basmati & Non-Basmati),Saudi Arabia,1801893.0,779.06,6427.24,False,432.35641627999,-72.25708119965529,Cereals
2017,2017-18,Rice (Basmati & Non-Basmati),Saudi Arabia,477590.09,173.17,1428.65,False,362.59127571093444,-77.77193027494673,Cereals
2018,2018-19,Rice (Basmati & Non-Basmati),Saudi Arabia,985583.01,322.85,2663.51,False,327.5726110578956,86.4352947970203,Cereals
2019,2019-20,Rice (Basmati & Non-Basmati),Saudi Arabia,986730.74,518.14,4274.66,False,525.1077918176543,60.48939135821587,Cereals
2020,2020-21,Rice (Basmati & Non-Basmati),Saudi Arabia,4856704.15,2571.07,21211.33,False,529.3857563878994,396.2114486432239,Cereals
2021,2021-22,Rice (Basmati & Non-Basmati),Saudi Arabia,3185458.94,1735.39,14316.97,False,544.7849219491117,-32.50319905720187,Cereals
2022,2022-23,Rice (Basmati & Non-Basmati),Saudi Arabia,2923893.54,997.45,8228.96,False,341.1375914870006,-42.52300635592,Cereals
2023,2023-24,Rice (Basmati & Non-Basmati),Saudi Arabia,6375743.59,3523.03,29065.0,False,552.5677044989195,253.20366935686002,Cereals
2024,2024-25,Rice (Basmati & Non-Basmati),Saudi Arabia,1829404.73,823.6,6794.7,False,450.20108808836414,-76.62239606248032,Cereals
2025,2025-26,Rice (Basmati & Non-Basmati),Saudi Arabia,904027.05,423.89,3497.09,False,468.89083683945074,-48.53205439533754,Cereals
2015,2015-16,Rice (Basmati & Non-Basmati),UAE,499701.95,158.24,1305.48,False,316.66876625156254,,Cereals
2016,2016-17,Rice (Basmati & Non-Basmati),UAE,1537323.18,739.26,6098.9,False,480.8748151445944,367.1764408493427,Cereals
2017,2017-18,Rice (Basmati & Non-Basmati),UAE,7784068.83,3122.06,25757.0,False,401.0832982318323,322.3223223223223,Cereals
2018,2018-19,Rice (Basmati & Non-Basmati),UAE,339855.08,176.65,1457.36,False,519.7803722692626,-94.34187683772893,Cereals
2019,2019-20,Rice (Basmati & Non-Basmati),UAE,1121854.98,539.82,4453.52,False,481.18518848131333,205.5873195584489,Cereals
2020,2020-21,Rice (Basmati & Non-Basmati),UAE,605567.52,214.63,1770.7,False,354.4278596712056,-60.240450520543895,Cereals
2021,2021-22,Rice (Basmati & Non-Basmati),UAE,5510174.09,2047.65,16893.11,False,371.61257821529193,854.0371802637096,Cereals
2022,2022-23,Rice (Basmati & Non-Basmati),UAE,442427.56,151.25,1247.81,False,341.8638748454097,-92.61348374966425,Cereals
2023,2023-24,Rice (Basmati & Non-Basmati),UAE,849657.75,402.5,3320.62,False,473.7201537913354,166.11570247933884,Cereals
2024,2024-25,Rice (Basmati & Non-Basmati),UAE,10659384.32,4017.27,33142.48,False,376.8763635309098,898.07950310559,Cereals
2025,2025-26,Rice (Basmati & Non-Basmati),UAE,17639210.1,6568.98,54194.08,False,372.4078324799816,63.518508838091535,Cereals
2015,2015-16,Rice (Basmati & Non-Basmati),USA,469188.7,158.22,1305.32,False,337.22039767794917,,Cereals
2016,2016-17,Rice (Basmati & Non-Basmati),USA,5121602.9,2032.44,16767.63,False,396.83670126006837,1184.5657944634054,Cereals
2017,2017-18,Rice (Basmati & Non-Basmati),USA,2828547.32,1530.48,12626.46,False,541.0833996583094,-24.697408041565804,Cereals
2018,2018-19,Rice (Basmati & Non-Basmati),USA,6262084.8,3018.78,24904.94,False,482.07267969287165,97.24400188176259,Cereals
2019,2019-20,Rice (Basmati & Non-Basmati),USA,2315052.58,1280.64,10565.28,False,553.1796603945816,-57.5775644465645,Cereals
2020,2020-21,Rice (Basmati & Non-Basmati),USA,9331676.1,3465.7,28592.02,False,371.39094444137424,170.62250124937526,Cereals
2021,2021-22,Rice (Basmati & Non-Basmati),USA,2118797.05,945.85,7803.26,False,446.40896587995536,-72.7082551865424,Cereals
2022,2022-23,Rice (Basmati & Non-Basmati),USA,1331533.96,646.0,5329.5,False,485.1547308639428,-31.70164402389385,Cereals
2023,2023-24,Rice (Basmati & Non-Basmati),USA,1705600.63,866.75,7150.69,False,508.17875225573766,34.171826625387006,Cereals
2024,2024-25,Rice (Basmati & Non-Basmati),USA,9252560.39,3695.48,30487.71,False,399.40079764234855,326.36054225555233,Cereals
2025,2025-26,Rice (Basmati & Non-Basmati),USA,1152617.34,428.97,3539.0,False,372.1703510030484,-88.39203567601503,Cereals
2015,2015-16,Spices,Bangladesh,1336349.57,670.68,5533.11,False,501.8746704127723,,Horticulture & Spices
2016,2016-17,Spices,Bangladesh,696722.75,306.3,2526.98,False,439.62968052930665,-54.32993379853283,Horticulture & Spices
2017,2017-18,Spices,Bangladesh,147105.54,72.64,599.28,False,493.7951351118387,-76.28468821416912,Horticulture & Spices
2018,2018-19,Spices,Bangladesh,1979298.44,911.58,7520.54,False,460.55712548331013,1154.9284140969164,Horticulture & Spices
2019,2019-20,Spices,Bangladesh,675968.49,330.07,2723.08,False,488.29199124355637,-63.79143903990874,Horticulture & Spices
2020,2020-21,Spices,Bangladesh,2484862.05,1219.69,10062.44,False,490.84817404652307,269.5246462871512,Horticulture & Spices
2021,2021-22,Spices,Bangladesh,148625.34,67.22,554.56,False,452.27819159236236,-94.48876353827612,Horticulture & Spices
2022,2022-23,Spices,Bangladesh,1385589.07,530.96,4380.42,False,383.2016371203044,689.8839631062184,Horticulture & Spices
2023,2023-24,Spices,Bangladesh,3912047.75,2038.07,16814.08,False,520.9726798452294,283.84624077143286,Horticulture & Spices
2024,2024-25,Spices,Bangladesh,748830.82,252.1,2079.82,False,336.6581519708284,-87.63045430235468,Horticulture & Spices
2025,2025-26,Spices,Bangladesh,3390757.26,1579.43,13030.3,False,465.80450291508043,526.509321697739,Horticulture & Spices
2015,2015-16,Spices,China,521536.46,192.93,1591.67,False,369.9261984483309,,Horticulture & Spices
2016,2016-17,Spices,China,2091137.82,977.81,8066.93,False,467.5971094052519,406.82112683356655,Horticulture & Spices
2017,2017-18,Spices,China,2482140.13,937.01,7730.33,False,377.5008464167573,-4.172589766928136,Horticulture & Spices
2018,2018-19,Spices,China,2095437.08,701.07,5783.83,False,334.5698168135881,-25.18009412919818,Horticulture & Spices
2019,2019-20,Spices,China,397314.18,191.63,1580.95,False,482.31351823385717,-72.66606758240974,Horticulture & Spices
2020,2020-21,Spices,China,2645447.28,883.52,7289.04,False,333.97754953559314,361.0551583781245,Horticulture & Spices
2021,2021-22,Spices,China,1606252.43,530.41,4375.88,False,330.21584284856146,-39.96627127852228,Horticulture & Spices
2022,2022-23,Spices,China,2974460.95,1020.71,8420.86,False,343.1579762376776,92.43792537848081,Horticulture & Spices
2023,2023-24,Spices,China,1823510.82,921.95,7606.09,False,505.590638612169,-9.675617952209736,Horticulture & Spices
2024,2024-25,Spices,China,1095749.61,502.83,4148.35,False,458.89133376009136,-45.46016595260048,Horticulture & Spices
2025,2025-26,Spices,China,873507.87,278.47,2297.38,False,318.7950670667684,-44.61945389097707,Horticulture & Spices
2015,2015-16,Spices,Malaysia,48631.53,15.63,128.95,False,321.39642737952107,,Horticulture & Spices
2016,2016-17,Spices,Malaysia,1726135.94,642.56,5301.12,False,372.2534159157824,4011.06845809341,Horticulture & Spices
2017,2017-18,Spices,Malaysia,65434.59,36.21,298.73,False,553.3770441596715,-94.36472858565736,Horticulture & Spices
2018,2018-19,Spices,Malaysia,605251.31,261.47,2157.13,False,432.00236939594566,622.0933443800055,Horticulture & Spices
2019,2019-20,Spices,Malaysia,724608.24,268.01,2211.08,False,369.86882732661167,2.5012429724251106,Horticulture & Spices
2020,2020-21,Spices,Malaysia,449770.26,200.46,1653.8,False,445.6942084165369,-25.204283422260353,Horticulture & Spices
2021,2021-22,Spices,Malaysia,4730054.47,2053.61,16942.28,False,434.1620192800867,924.448767833982,Horticulture & Spices
2022,2022-23,Spices,Malaysia,1564150.57,809.78,6680.68,False,517.7123069424192,-60.567975418896495,Horticulture & Spices
2023,2023-24,Spices,Malaysia,119868.01,44.86,370.1,False,374.24497161502893,-94.46022376447925,Horticulture & Spices
2024,2024-25,Spices,Malaysia,1477722.89,469.46,3873.04,False,317.69149897921665,946.5002229157378,Horticulture & Spices
2025,2025-26,Spices,Malaysia,4380260.2,1834.71,15136.36,False,418.8586787606818,290.81284880501005,Horticulture & Spices
2015,2015-16,Spices,UAE,2311564.08,835.31,6891.31,False,361.36138609663806,,Horticulture & Spices
2016,2016-17,Spices,UAE,344697.75,112.79,930.52,False,327.2142043282847,-86.4972285738229,Horticulture & Spices
2017,2017-18,Spices,UAE,1211146.4,623.64,5145.03,False,514.9171066354984,452.9213582764429,Horticulture & Spices
2018,2018-19,Spices,UAE,2147262.57,827.26,6824.9,False,385.26261834853295,32.650246937335645,Horticulture & Spices
2019,2019-20,Spices,UAE,839314.15,382.71,3157.36,False,455.9794446453691,-53.73763991973504,Horticulture & Spices
2020,2020-21,Spices,UAE,13075.77,5.59,46.12,False,427.50828440696034,-98.53936400930208,Horticulture & Spices
2021,2021-22,Spices,UAE,126383.18,45.53,375.62,False,360.2536350169382,714.4901610017889,Horticulture & Spices
2022,2022-23,Spices,UAE,823373.32,362.21,2988.23,False,439.909809076641,695.5414012738853,Horticulture & Spices
2023,2023-24,Spices,UAE,3030984.97,1053.16,8688.57,False,347.4646065302,190.75950415504823,Horticulture & Spices
2024,2024-25,Spices,UAE,1598611.58,837.04,6905.58,False,523.604364232117,-20.521098408598892,Horticulture & Spices
2025,2025-26,Spices,UAE,1085644.0,421.43,3476.8,False,388.18434035466504,-49.6523463633757,Horticulture & Spices
2015,2015-16,Spices,UK,2476764.11,1057.8,8726.85,False,427.08952206191327,,Horticulture & Spices
2016,2016-17,Spices,UK,1248320.92,407.87,3364.93,False,326.7348912169156,-61.44167139345812,Horticulture & Spices
2017,2017-18,Spices,UK,1155117.13,423.29,3492.14,False,366.4476865649114,3.7806163728639097,Horticulture & Spices
2018,2018-19,Spices,UK,347393.62,179.89,1484.09,False,517.8275870466475,-57.501949018403465,Horticulture & Spices
2019,2019-20,Spices,UK,1114675.92,607.77,5014.1,False,545.2436794364411,237.85646784145865,Horticulture & Spices
2020,2020-21,Spices,UK,2827682.05,945.21,7797.98,False,334.27025503097144,55.521003011007465,Horticulture & Spices
2021,2021-22,Spices,UK,1183423.39,425.16,3507.57,False,359.26279942802216,-55.01951947186339,Horticulture & Spices
2022,2022-23,Spices,UK,819012.89,352.14,2905.16,False,429.9566030029149,-17.17471069714932,Horticulture & Spices
2023,2023-24,Spices,UK,76728.45,36.5,301.12,False,475.7036014672524,-89.63480433918328,Horticulture & Spices
2024,2024-25,Spices,UK,4417714.9,2406.83,19856.35,False,544.8133377733361,6494.054794520548,Horticulture & Spices
2025,2025-26,Spices,UK,3097133.87,1165.91,9618.76,False,376.44804807872254,-51.5582737459646,Horticulture & Spices
2015,2015-16,Spices,USA,765329.51,361.5,2982.38,False,472.3455652454849,,Horticulture & Spices
2016,2016-17,Spices,USA,115740.4,45.54,375.7,False,393.4667583661367,-87.40248962655602,Horticulture & Spices
2017,2017-18,Spices,USA,1631032.59,533.37,4400.3,False,327.01369872689054,1071.2121212121212,Horticulture & Spices
2018,2018-19,Spices,USA,2118899.38,782.03,6451.75,False,369.0736839047072,46.62054483754241,Horticulture & Spices
2019,2019-20,Spices,USA,3450879.66,1386.16,11435.82,False,401.683088537489,77.25151209032903,Horticulture & Spices
2020,2020-21,Spices,USA,3475783.77,1103.75,9105.94,False,317.5542763984999,-20.373549950943616,Horticulture & Spices
2021,2021-22,Spices,USA,3095122.41,1225.47,10110.13,False,395.93587511777923,11.027859569648935,Horticulture & Spices
2022,2022-23,Spices,USA,2338403.53,840.32,6932.64,False,359.3562827028405,-31.42875794593095,Horticulture & Spices
2023,2023-24,Spices,USA,1701631.98,738.47,6092.38,False,433.97750434850195,-12.120382711348054,Horticulture & Spices
2024,2024-25,Spices,USA,1427206.4,489.9,4041.68,False,343.2579898744849,-33.66013514428481,Horticulture & Spices
2025,2025-26,Spices,USA,1686607.03,769.47,6348.13,False,456.2236409034771,57.06674831598286,Horticulture & Spices
2015,2015-16,Spices,Vietnam,79536.44,38.91,321.01,False,489.2097257558925,,Horticulture & Spices
2016,2016-17,Spices,Vietnam,1531457.62,793.36,6545.22,False,518.0424124305836,1938.9617065021848,Horticulture & Spices
2017,2017-18,Spices,Vietnam,1629249.68,898.71,7414.36,False,551.6097446770713,13.278965412927302,Horticulture & Spices
2018,2018-19,Spices,Vietnam,458947.81,168.69,1391.69,False,367.558132590283,-81.2297626598124,Horticulture & Spices
2019,2019-20,Spices,Vietnam,2401554.15,854.21,7047.23,False,355.69050150295385,406.3785642302449,Horticulture & Spices
2020,2020-21,Spices,Vietnam,366787.48,165.8,1367.85,False,452.0328774580856,-80.59025298228772,Horticulture & Spices
2021,2021-22,Spices,Vietnam,1066683.86,375.98,3101.84,False,352.47556853442967,126.76718938480099,Horticulture & Spices
2022,2022-23,Spices,Vietnam,3766449.17,1236.52,10201.29,False,328.2986027925076,228.879195701899,Horticulture & Spices
2023,2023-24,Spices,Vietnam,1007140.83,397.9,3282.68,False,395.0788093855752,-67.82098146410895,Horticulture & Spices
2024,2024-25,Spices,Vietnam,1583420.15,655.78,5410.18,False,414.1541333802024,64.81025383262127,Horticulture & Spices
2025,2025-26,Spices,Vietnam,705232.55,248.93,2053.67,False,352.9757666460517,-62.040623379791995,Horticulture & Spices
2015,2015-16,Tea,CIS Countries,461772.43,195.84,1615.68,False,424.1050077415839,,Plantation Crops
2016,2016-17,Tea,CIS Countries,361379.52,138.69,1144.19,False,383.7793575020521,-29.181985294117652,Plantation Crops
2017,2017-18,Tea,CIS Countries,317908.79,167.35,1380.64,False,526.4088482737454,20.66479198211839,Plantation Crops
2018,2018-19,Tea,CIS Countries,383158.28,130.79,1079.02,False,341.3471842498092,-21.846429638482224,Plantation Crops
2019,2019-20,Tea,CIS Countries,136390.37,60.67,500.53,False,444.8261266539566,-53.61266151846471,Plantation Crops
2020,2020-21,Tea,CIS Countries,816649.96,286.21,2361.23,False,350.4683940718004,371.7488050107137,Plantation Crops
2021,2021-22,Tea,CIS Countries,634103.88,330.65,2727.86,False,521.4445305081558,15.527060549945837,Plantation Crops
2022,2022-23,Tea,CIS Countries,102975.92,53.72,443.19,False,521.6753586663756,-83.75321336760926,Plantation Crops
2023,2023-24,Tea,CIS Countries,360871.26,114.67,946.03,False,317.75874864626235,113.45867460908417,Plantation Crops
2024,2024-25,Tea,CIS Countries,10990.34,4.34,35.8,False,394.8922417322849,-96.215226301561,Plantation Crops
2025,2025-26,Tea,CIS Countries,123218.13,50.31,415.06,False,408.3003045087602,1059.2165898617513,Plantation Crops
2015,2015-16,Tea,Germany,749782.33,311.45,2569.46,False,415.3872231158075,,Plantation Crops
2016,2016-17,Tea,Germany,780545.26,250.47,2066.38,False,320.8910653047845,-19.579386739444526,Plantation Crops
2017,2017-18,Tea,Germany,635664.59,230.63,1902.7,False,362.8171265604082,-7.921108316365233,Plantation Crops
2018,2018-19,Tea,Germany,448753.98,157.41,1298.63,False,350.77126224039284,-31.747821185448554,Plantation Crops
2019,2019-20,Tea,Germany,625857.61,211.65,1746.11,False,338.17596305971256,34.45778540118163,Plantation Crops
2020,2020-21,Tea,Germany,781773.51,285.16,2352.57,False,364.7603766978495,34.73186865107489,Plantation Crops
2021,2021-22,Tea,Germany,171033.06,88.09,726.74,False,515.0466231499337,-69.1085706270164,Plantation Crops
2022,2022-23,Tea,Germany,1150607.78,494.51,4079.71,False,429.78155423214673,461.3690543762061,Plantation Crops
2023,2023-24,Tea,Germany,5416.6,2.07,17.08,False,382.1585496436879,-99.58140381387636,Plantation Crops
2024,2024-25,Tea,Germany,1087215.77,344.38,2841.14,False,316.7540514979837,16536.71497584541,Plantation Crops
2025,2025-26,Tea,Germany,14629.29,7.09,58.49,False,484.6441624986585,-97.94122771357222,Plantation Crops
2015,2015-16,Tea,Iran,4513.14,2.33,19.22,False,516.2702685934847,,Plantation Crops
2016,2016-17,Tea,Iran,11354.8,5.98,49.34,False,526.6495226688273,156.65236051502146,Plantation Crops
2017,2017-18,Tea,Iran,82543.07,43.51,358.96,False,527.1187514590868,627.5919732441471,Plantation Crops
2018,2018-19,Tea,Iran,8798.5,3.11,25.66,False,353.4693413650054,-92.85221788094691,Plantation Crops
2019,2019-20,Tea,Iran,143874.85,50.37,415.55,False,350.0959340704786,1519.6141479099679,Plantation Crops
2020,2020-21,Tea,Iran,2791.95,1.04,8.58,False,372.4995075126704,-97.93527893587452,Plantation Crops
2021,2021-22,Tea,Iran,28397.9,14.46,119.3,False,509.19258114156327,1290.3846153846155,Plantation Crops
2022,2022-23,Tea,Iran,580797.29,197.69,1630.94,False,340.3769325438829,1267.1507607192254,Plantation Crops
2023,2023-24,Tea,Iran,196850.81,100.11,825.91,False,508.55772450212424,-49.360109261975815,Plantation Crops
2024,2024-25,Tea,Iran,506613.86,199.55,1646.29,False,393.8897368500736,99.33073619019079,Plantation Crops
2025,2025-26,Tea,Iran,281636.84,92.45,762.71,False,328.2596126273821,-53.670759208218485,Plantation Crops
2015,2015-16,Tea,Russia,562643.27,228.36,1883.97,False,405.8699573532622,,Plantation Crops
2016,2016-17,Tea,Russia,263775.75,130.06,1073.0,False,493.0703447909825,-43.046067612541606,Plantation Crops
2017,2017-18,Tea,Russia,151762.45,73.17,603.65,False,482.13507359692727,-43.74135014608642,Plantation Crops
2018,2018-19,Tea,Russia,744547.09,245.85,2028.26,False,330.2007398887289,235.99835998359984,Plantation Crops
2019,2019-20,Tea,Russia,164258.76,57.61,475.28,False,350.72710886165214,-76.56701240593858,Plantation Crops
2020,2020-21,Tea,Russia,122097.96,46.91,387.01,False,384.19970325466534,-18.573164381183826,Plantation Crops
2021,2021-22,Tea,Russia,540100.76,235.72,1944.69,False,436.4370825917742,402.4941377105095,Plantation Crops
2022,2022-23,Tea,Russia,20081.67,8.66,71.45,False,431.23903539894843,-96.32614966909892,Plantation Crops
2023,2023-24,Tea,Russia,278479.38,148.22,1222.82,False,532.247665877452,1611.5473441108545,Plantation Crops
2024,2024-25,Tea,Russia,100814.62,33.08,272.91,False,328.12701173698815,-77.68182431520712,Plantation Crops
2025,2025-26,Tea,Russia,568168.25,181.49,1497.29,False,319.4300279890684,448.63966142684404,Plantation Crops
2015,2015-16,Tea,UAE,49441.77,19.87,163.93,False,401.8869065569457,,Plantation Crops
2016,2016-17,Tea,UAE,163474.88,60.56,499.62,False,370.45446982435465,204.78107700050327,Plantation Crops
2017,2017-18,Tea,UAE,108681.58,55.99,461.92,False,515.1746965769177,-7.5462351387054145,Plantation Crops
2018,2018-19,Tea,UAE,649994.59,222.23,1833.4,False,341.89515331196833,296.910162529023,Plantation Crops
2019,2019-20,Tea,UAE,315357.92,162.19,1338.07,False,514.3045083503849,-27.017054403095887,Plantation Crops
2020,2020-21,Tea,UAE,544682.25,224.35,1850.89,False,411.8915202395525,38.3254208027622,Plantation Crops
2021,2021-22,Tea,UAE,206299.43,103.14,850.9,False,499.95290825573295,-54.02718965901493,Plantation Crops
2022,2022-23,Tea,UAE,438817.4,140.37,1158.05,False,319.8824841494435,36.096567771960444,Plantation Crops
2023,2023-24,Tea,UAE,843689.95,429.46,3543.04,False,509.02585718841385,205.94856450808575,Plantation Crops
2024,2024-25,Tea,UAE,79370.95,24.88,205.26,False,313.4648130077818,-94.2066781539608,Plantation Crops
2025,2025-26,Tea,UAE,367272.57,150.65,1242.86,False,410.1858192132345,505.5064308681673,Plantation Crops
2015,2015-16,Tea,UK,13684.63,6.7,55.28,False,489.6003764807671,,Plantation Crops
2016,2016-17,Tea,UK,236436.54,90.24,744.48,False,381.66689463481407,1246.8656716417909,Plantation Crops
2017,2017-18,Tea,UK,66912.78,34.63,285.7,False,517.5393997977666,-61.62455673758864,Plantation Crops
2018,2018-19,Tea,UK,33983.21,16.59,136.87,False,488.1822523534416,-52.09356049667919,Plantation Crops
2019,2019-20,Tea,UK,724875.85,289.1,2385.08,False,398.8269163609189,1642.6160337552744,Plantation Crops
2020,2020-21,Tea,UK,82720.77,36.6,301.95,False,442.4523611180118,-87.34002075406434,Plantation Crops
2021,2021-22,Tea,UK,321433.28,120.59,994.87,False,375.16339316202726,229.48087431693992,Plantation Crops
2022,2022-23,Tea,UK,29004.05,10.16,83.82,False,350.2959069509258,-91.57475744257401,Plantation Crops
2023,2023-24,Tea,UK,349982.71,123.04,1015.08,False,351.56022421793347,1111.023622047244,Plantation Crops
2024,2024-25,Tea,UK,3090.48,1.2,9.9,False,388.28919779451735,-99.02470741222366,Plantation Crops
2025,2025-26,Tea,UK,772459.9,352.99,2912.17,False,456.9687047832515,29315.833333333336,Plantation Crops
2015,2015-16,Tea,USA,18668.48,7.58,62.54,False,406.0319854642692,,Plantation Crops
2016,2016-17,Tea,USA,233019.77,126.84,1046.43,False,544.3314959928078,1573.3509234828496,Plantation Crops
2017,2017-18,Tea,USA,367767.36,201.46,1662.04,False,547.7919519557146,58.83002207505519,Plantation Crops
2018,2018-19,Tea,USA,95870.98,43.68,360.36,False,455.61232397958173,-78.31827658095901,Plantation Crops
2019,2019-20,Tea,USA,138228.46,45.12,372.24,False,326.416137458234,3.296703296703285,Plantation Crops
2020,2020-21,Tea,USA,20137.61,9.11,75.16,False,452.38734884626325,-79.80939716312056,Plantation Crops
2021,2021-22,Tea,USA,25680.39,8.96,73.92,False,348.9043585397262,-1.6465422612513603,Plantation Crops
2022,2022-23,Tea,USA,30913.5,9.72,80.19,False,314.4257363287884,8.482142857142861,Plantation Crops
2023,2023-24,Tea,USA,57916.16,21.38,176.38,False,369.15430857294405,119.95884773662549,Plantation Crops
2024,2024-25,Tea,USA,618101.61,324.75,2679.19,False,525.3990521073065,1418.9429373246026,Plantation Crops
2025,2025-26,Tea,USA,357243.37,133.89,1104.59,False,374.78652158051244,-58.77136258660509,Plantation Crops
